{"('0', '2', '0000')": [1.9999999999999911, -2.220446049250313e-16, 1.9999930155855803, -2.220446049250313e-16], "('0', '2', '0001')": [1.9999995871175855, -2.220445943047067e-16, 0, 0], "('0', '2', '0010')": [1.9268054645988473, -7.197619568585072e-07, -1.8199999999999998, 0], "('0', '2', '0011')": [0.9999999983925572, 0, 0, 0], "('0', '2', '0100')": [1.9999999992651243, -1.999998937118, 1.990173925582961, -8.677630096799248e-10], "('0', '2', '0101')": [1.0000001594323, 0, 1.9999990425299492, 0], "('0', '2', '0110')": [1.839185701143478, 0, 0, 0], "('0', '2', '0111')": [1.9999986745171823, 0, 0, 0], "('0', '2', '1000')": [-1.4, -2.2214094222055e-16, 1.9999993386506545, -2.220446049250313e-16], "('0', '2', '1001')": [-1.4, -2.220446049250313e-16, 1.9999499464833401, 0], "('0', '2', '1010')": [-1.8199999999999998, -1.2431950471088014, -1.8199999999999998, -0.5000000008045502], "('0', '2', '1011')": [-1.9951400000000001, -0.030062480817025998, -1.9838, -1.9838], "('0', '2', '1100')": [-1.4, -1.4, 1.999974884360705, 0], "('0', '2', '1101')": [-1.4, -1.4, 1.9999999978709155, 0], "('0', '2', '1110')": [-1.9951400000000001, -1.9838, -1.9838, -1.4311665051422882], "('0', '2', '1111')": [-1.9999999999302642, -1.9999999999302642, -1.9999999999302642, -1.999999999973396], "('0', '3', '0000')": [1.8952496043715796, -2.220446049250313e-16, -2.220446049250313e-16, 1.9999999999439697], "('0', '3', '0001')": [1.999993674516015, 0, -2.2212796794410354e-16, 0], "('0', '3', '0010')": [1.9851908891258132, 1.1839836071709536e-13, -1.8199999999999998, 1.9999999997171964], "('0', '3', '0011')": [1.9999999939834852, 0, 0, 0], "('0', '3', '0100')": [1.9999999992917012, -1.998542, -2.220446049250313e-16, 1.9771939647609975], "('0', '3', '0101')": [1.9999999879669705, 0, 0, 0], "('0', '3', '0110')": [2.0, -1.4, 0, 0], "('0', '3', '0111')": [1.9999995925960632, 0, 0, 0], "('0', '3', '1000')": [-1.4, -0.06771527355672784, -0.30201418252304396, 1.9999999998983715], "('0', '3', '1001')": [-1.8199999999999998, 0.009619804596325042, -1.2940423201971836, -1.8199999999999998], "('0', '3', '1010')": [-1.4, -0.98953075, -0.7, 0.189201162018168], "('0', '3', '1011')": [-1.9951400000000001, -0.9053994189880261, -1.9951400000000001, -1.9838], "('0', '3', '1100')": [-1.4, -0.7, -0.13261691170635861, 1.094600581009717], "('0', '3', '1101')": [-1.9838, -1.9938926000000001, -0.11076474091812291, -1.9838], "('0', '3', '1110')": [-1.4, -1.4, -1.4, 1.5213446104173605], "('0', '3', '1111')": [-1.999999999998117, -1.9999999999937237, -1.9999999999937237, -1.9999999999937237], "('0', 'NA', '0000')": [1.9999999881569548, -2.220446049250313e-16, 0.4199999999999998, -2.220446049250316e-16], "('0', 'NA', '0001')": [1.9999999999999996, 0, -0.07720482968023107, 0], "('0', 'NA', '0010')": [1.9999999980946144, 0, -1.8199999999999998, 0], "('0', 'NA', '0011')": [1.9999999999966374, 0, 0, 0], "('0', 'NA', '0100')": [1.9999999999957567, -1.8199999999999998, -2.220446049250313e-16, -2.2204460494786804e-16], "('0', 'NA', '0101')": [1.9999999999932783, 0, 0, 0], "('0', 'NA', '0110')": [1.0329551001047437, 0, 0, 0], "('0', 'NA', '0111')": [0.18003125481761495, 0, 0, 0], "('0', 'NA', '1000')": [-1.8199999999999998, -1.250325085348261, -1.699435529700998, -0.036597267703104085], "('0', 'NA', '1001')": [-1.8199999999999998, -1.9289549906422105, -1.4526997094534526, -1.8199999999999998], "('0', 'NA', '1010')": [-1.8199999999999998, -1.6738132440807014, -1.8199999999999998, -1.6215976759625004], "('0', 'NA', '1011')": [-1.946, -1.726032686113753, -1.946, -1.946], "('0', 'NA', '1100')": [-1.946, -1.883, -1.9895157124492568, -1.2431951326357435], "('0', 'NA', '1101')": [-1.946, -1.7189053737766848, -1.952289864586259, -1.946], "('0', 'NA', '1110')": [-1.946, -1.929436544, -1.946, -1.4193995192162796], "('0', 'NA', '1111')": [-1.4, -1.4, -1.4, -1.4], "('1', '2', '0000')": [-2.220446049250313e-16, 1.999999999995421, 1.9846238396080054, -2.220446049250313e-16], "('1', '2', '0001')": [-2.2204460455278791e-16, 1.7603778725788488, 1.9999999651988496, -1.8199999999999998], "('1', '2', '0010')": [-0.1633775738020772, 1.9989567263923982, 0, -0.0056301043318270905], "('1', '2', '0011')": [-0.8015, 0.14475796535280397, 0, 0], "('1', '2', '0100')": [-2.2204461115606265e-16, -1.4, 1.9999999974414804, 0], "('1', '2', '0101')": [-0.0023853860699427766, -1.4, 1.9999999936055648, 0], "('1', '2', '0110')": [-1.4487937836113316, -1.8199999999999998, -1.8199999999999998, -0.8696306158080883], "('1', '2', '0111')": [-1.2855899625812213, -1.998542, -1.998542, -1.998542], "('1', '2', '1000')": [-1.99999645706, 1.0945774451858483, 1.999932539345306, -1.8798083527333216e-08], "('1', '2', '1001')": [-1.4, 1.9995043210915033, 0, 0], "('1', '2', '1010')": [-1.4, 1.9997540362797683, 0, 0], "('1', '2', '1011')": [-1.4, 1.4731032444506682, 0, 0], "('1', '2', '1100')": [-0.7, -1.4, 1.9999999999997518, 0], "('1', '2', '1101')": [-0.7, -1.4, 1.9999924348711564, 0], "('1', '2', '1110')": [-1.998542, -1.998542, -1.9951400000000001, -1.800525293550478], "('1', '2', '1111')": [-2.0, -2.0, -2.0, -2.0], "('1', '3', '0000')": [1.3999999999999997, 1.9999999999998477, -2.220446049250313e-16, 1.9937674589395211], "('1', '3', '0001')": [-0.82468085, 1.9975781541101227, 0.48999999999999994, -1.4], "('1', '3', '0010')": [-2.220446049250313e-16, 1.9999827194277524, -1.4, 1.8584769581987586], "('1', '3', '0011')": [-0.9919, 1.9999999823911683, 0, 0], "('1', '3', '0100')": [-0.7765991135, -1.4, -0.25003804618327663, 1.9999571783018615], "('1', '3', '0101')": [-1.3347706775112749, -1.8199999999999998, -0.898123599108267, -1.8199999999999998], "('1', '3', '0110')": [-0.8144499999999999, -1.4, -0.7, 1.9999990766529265], "('1', '3', '0111')": [-1.7491431809397175, -1.9951400000000001, -1.9951400000000001, -1.9951400000000001], "('1', '3', '1000')": [-1.99999990434062, 1.999999792546661, 0.4199999999999998, 1.917692129077491], "('1', '3', '1001')": [-0.7, 1.989949959692948, 0, 0], "('1', '3', '1010')": [-1.4, 1.9999999648594142, 0, 0], "('1', '3', '1011')": [-1.4, 2.000000000015824, 0, 0], "('1', '3', '1100')": [-0.7, -1.4, -2.886579864025407e-15, 2.0000000007742162], "('1', '3', '1101')": [-1.974872710118, -1.946, -1.6675943786036518, -1.946], "('1', '3', '1110')": [-0.7, -1.4, -1.4, 1.9999999842849854], "('1', '3', '1111')": [-1.9999999913906559, -1.999999971302186, -1.999999971302186, -1.999999971302186], "('1', 'NA', '0000')": [0.41999999999999826, 1.8679345329044323, -2.2204460492503116e-16, -2.220446049250313e-16], "('1', 'NA', '0001')": [-0.5104745768706842, 1.999973106371153, 0, 0], "('1', 'NA', '0010')": [-0.9999999999999992, 1.999999997822077, 0, -2.2204460492502566e-16], "('1', 'NA', '0011')": [-0.8015, 1.9999999946631575, 0, 0], "('1', 'NA', '0100')": [-1.0000000284756434, -1.8199999999999998, -1.637646868349099, 1.3999382431469716], "('1', 'NA', '0101')": [-1.755664260177959, -1.8199999999999998, -0.34741169785838494, -1.8199999999999998], "('1', 'NA', '0110')": [-0.5272862966491367, -1.8199999999999998, -1.8199999999999998, -1.7016716678230086], "('1', 'NA', '0111')": [-1.956142279893418, -1.946, -1.8199999999999998, -1.8199999999999998], "('1', 'NA', '1000')": [-1.9838, 1.9999231804331887, -2.220446049250313e-16, 1.4000000000013175], "('1', 'NA', '1001')": [-1.4, 1.9999999996924158, 0, 0], "('1', 'NA', '1010')": [-1.4, 1.999999989334618, 0, 0], "('1', 'NA', '1011')": [-1.4, 1.999999995685605, 0, 0], "('1', 'NA', '1100')": [-1.946, -1.946, -1.9729729267743767, -1.574411016566246], "('1', 'NA', '1101')": [-1.9109720000000001, -1.8199999999999998, -1.6673853387556377, -1.8199999999999998], "('1', 'NA', '1110')": [-1.946, -1.946, -1.946, -1.000000161868504], "('1', 'NA', '1111')": [-1.4, -1.4, -1.4, 0], "('NA', '2', '0000')": [-2.220446049250313e-16, 1.3999999999999997, 1.9999998291633394, 0.12599999933406641], "('NA', '2', '0001')": [-2.220446049250313e-16, 1.39994244845116, 1.99999990000037, -1.999998937118],